{"cameraMode":{"drawMode":0,"name":"Shaded","section":"Shading Mode"},"sceneLighting":false,"audioPlay":false,"sceneViewState":{"showFog":true,"showMaterialUpdate":false,"showSkybox":false,"showFlares":true,"showImageEffects":true,"showParticleSystems":true},"in2DMode":false,"pivot":{"x":1.6905879974365235,"y":-0.14752602577209474,"z":8.763984680175782},"rotation":{"x":-0.2772366404533386,"y":-0.4462278485298157,"z":0.14762799441814423,"w":-0.8379916548728943},"size":7.274191856384277,"orthographic":false}