{"cameraMode":{"drawMode":0,"name":"Shaded","section":"Shading Mode"},"sceneLighting":false,"audioPlay":false,"sceneViewState":{"showFog":true,"showMaterialUpdate":false,"showSkybox":false,"showFlares":true,"showImageEffects":true,"showParticleSystems":true},"in2DMode":false,"pivot":{"x":3.013820171356201,"y":0.4659762382507324,"z":10.236072540283204},"rotation":{"x":0.108686164021492,"y":0.4980110824108124,"z":-0.06308342516422272,"w":0.8580179214477539},"size":8.895743370056153,"orthographic":false}