{"cameraMode":{"drawMode":0,"name":"Shaded","section":"Shading Mode"},"sceneLighting":false,"audioPlay":false,"sceneViewState":{"showFog":true,"showMaterialUpdate":false,"showSkybox":false,"showFlares":true,"showImageEffects":true,"showParticleSystems":true},"in2DMode":false,"pivot":{"x":-0.38215047121047976,"y":0.795046329498291,"z":-0.046699583530426028},"rotation":{"x":-0.004308863542973995,"y":-0.9807510375976563,"z":0.1940239816904068,"w":-0.021784421056509019},"size":4.614614963531494,"orthographic":false}