{"cameraMode":{"drawMode":0,"name":"Shaded","section":"Shading Mode"},"sceneLighting":false,"audioPlay":false,"sceneViewState":{"showFog":true,"showMaterialUpdate":false,"showSkybox":false,"showFlares":true,"showImageEffects":true,"showParticleSystems":true},"in2DMode":false,"pivot":{"x":0.31969785690307619,"y":0.8553680181503296,"z":-0.026725709438323976},"rotation":{"x":0.4332868158817291,"y":0.07904601097106934,"z":-0.038183607161045077,"w":0.8969717025756836},"size":6.537231922149658,"orthographic":false}