{"cameraMode":{"drawMode":0,"name":"Shaded","section":"Shading Mode"},"sceneLighting":false,"audioPlay":false,"sceneViewState":{"showFog":true,"showMaterialUpdate":false,"showSkybox":false,"showFlares":true,"showImageEffects":true,"showParticleSystems":true},"in2DMode":false,"pivot":{"x":0.7728887796401978,"y":-2.7040252685546877,"z":-7.8115315437316898},"rotation":{"x":-0.5801599025726318,"y":0.03271616995334625,"z":-0.02333150990307331,"w":-0.8135120272636414},"size":10.611927032470704,"orthographic":false}