{"cameraMode":{"drawMode":0,"name":"Shaded","section":"Shading Mode"},"sceneLighting":false,"audioPlay":false,"sceneViewState":{"showFog":true,"showMaterialUpdate":false,"showSkybox":false,"showFlares":true,"showImageEffects":true,"showParticleSystems":true},"in2DMode":false,"pivot":{"x":-0.19982481002807618,"y":-0.7338607311248779,"z":1.2495322227478028},"rotation":{"x":-0.16463646292686463,"y":-0.6764601469039917,"z":0.15910252928733827,"w":-0.6999895572662354},"size":9.305668830871582,"orthographic":false}