{"cameraMode":{"drawMode":0,"name":"Shaded","section":"Shading Mode"},"sceneLighting":false,"audioPlay":false,"sceneViewState":{"showFog":true,"showMaterialUpdate":false,"showSkybox":false,"showFlares":true,"showImageEffects":true,"showParticleSystems":true},"in2DMode":false,"pivot":{"x":-1.919075608253479,"y":0.0,"z":-0.00240325927734375},"rotation":{"x":0.004490393679589033,"y":-0.8754751682281494,"z":0.48318541049957278,"w":0.008134564384818077},"size":37.46346664428711,"orthographic":false}