{"cameraMode":{"drawMode":0,"name":"Shaded","section":"Shading Mode"},"sceneLighting":false,"audioPlay":false,"sceneViewState":{"showFog":true,"showMaterialUpdate":false,"showSkybox":false,"showFlares":true,"showImageEffects":true,"showParticleSystems":true},"in2DMode":false,"pivot":{"x":566.5440673828125,"y":-7.3245697021484379,"z":49.30158996582031},"rotation":{"x":-0.2772366404533386,"y":-0.4462278485298157,"z":0.14762799441814423,"w":-0.8379916548728943},"size":727.0128173828125,"orthographic":false}