{"cameraMode":{"drawMode":0,"name":"Shaded","section":"Shading Mode"},"sceneLighting":false,"audioPlay":false,"sceneViewState":{"showFog":true,"showMaterialUpdate":false,"showSkybox":false,"showFlares":true,"showImageEffects":true,"showParticleSystems":true},"in2DMode":false,"pivot":{"x":-6.566699981689453,"y":3.0497751235961916,"z":-3.9399991035461427},"rotation":{"x":-0.16463646292686463,"y":-0.6764601469039917,"z":0.15910252928733827,"w":-0.6999895572662354},"size":9.21057415008545,"orthographic":false}