{"cameraMode":{"drawMode":0,"name":"Shaded","section":"Shading Mode"},"sceneLighting":false,"audioPlay":false,"sceneViewState":{"showFog":true,"showMaterialUpdate":false,"showSkybox":false,"showFlares":true,"showImageEffects":true,"showParticleSystems":true},"in2DMode":false,"pivot":{"x":326.674560546875,"y":198.9382781982422,"z":12.5233154296875},"rotation":{"x":0.026678774505853654,"y":0.024900564923882486,"z":0.0006670305738225579,"w":-0.9993416666984558},"size":612.6422119140625,"orthographic":false}