{"cameraMode":{"drawMode":0,"name":"Shaded","section":"Shading Mode"},"sceneLighting":false,"audioPlay":false,"sceneViewState":{"showFog":true,"showMaterialUpdate":false,"showSkybox":false,"showFlares":true,"showImageEffects":true,"showParticleSystems":true},"in2DMode":false,"pivot":{"x":-0.7575239539146423,"y":0.8587088584899902,"z":0.021325018256902696},"rotation":{"x":-0.01944752223789692,"y":-0.9640222191810608,"z":0.2547070384025574,"w":-0.07360910624265671},"size":22.0,"orthographic":false}