{"cameraMode":{"drawMode":0,"name":"Shaded","section":"Shading Mode"},"sceneLighting":false,"audioPlay":false,"sceneViewState":{"showFog":true,"showMaterialUpdate":false,"showSkybox":false,"showFlares":true,"showImageEffects":true,"showParticleSystems":true},"in2DMode":false,"pivot":{"x":0.17284440994262696,"y":0.33416032791137698,"z":-2.908174514770508},"rotation":{"x":0.0009629738633520901,"y":0.9952027201652527,"z":-0.0973408967256546,"w":0.009850659407675267},"size":9.16708755493164,"orthographic":false}