{"cameraMode":{"drawMode":0,"name":"Shaded","section":"Shading Mode"},"sceneLighting":false,"audioPlay":false,"sceneViewState":{"showFog":true,"showMaterialUpdate":false,"showSkybox":false,"showFlares":true,"showImageEffects":true,"showParticleSystems":true},"in2DMode":false,"pivot":{"x":0.1236322671175003,"y":1.0189688205718995,"z":0.6661791801452637},"rotation":{"x":0.1205466166138649,"y":-0.7580074071884155,"z":0.14641618728637696,"w":0.6240726709365845},"size":1.6239285469055176,"orthographic":false}