{"cameraMode":{"drawMode":0,"name":"Shaded","section":"Shading Mode"},"sceneLighting":false,"audioPlay":false,"sceneViewState":{"showFog":true,"showMaterialUpdate":false,"showSkybox":false,"showFlares":true,"showImageEffects":true,"showParticleSystems":true},"in2DMode":false,"pivot":{"x":-0.3332819938659668,"y":2.1715874671936037,"z":-0.27354001998901369},"rotation":{"x":0.05566657707095146,"y":0.9344944357872009,"z":-0.16860172152519227,"w":0.3085393011569977},"size":7.837295055389404,"orthographic":false}