{"cameraMode":{"drawMode":0,"name":"Shaded","section":"Shading Mode"},"sceneLighting":false,"audioPlay":false,"sceneViewState":{"showFog":true,"showMaterialUpdate":false,"showSkybox":false,"showFlares":true,"showImageEffects":true,"showParticleSystems":true},"in2DMode":false,"pivot":{"x":0.028559088706970216,"y":2.185208797454834,"z":0.0},"rotation":{"x":0.23360291123390199,"y":0.5613316297531128,"z":-0.16903795301914216,"w":0.7757346630096436},"size":9.988879203796387,"orthographic":false}