{"cameraMode":{"drawMode":0,"name":"Shaded","section":"Shading Mode"},"sceneLighting":false,"audioPlay":false,"sceneViewState":{"showFog":true,"showMaterialUpdate":false,"showSkybox":false,"showFlares":true,"showImageEffects":true,"showParticleSystems":true},"in2DMode":false,"pivot":{"x":0.0,"y":2.500000476837158,"z":-2.980232238769531e-7},"rotation":{"x":0.4332868158817291,"y":0.07904601097106934,"z":-0.038183607161045077,"w":0.8969717025756836},"size":11.099143981933594,"orthographic":false}