{"cameraMode":{"drawMode":0,"name":"Shaded","section":"Shading Mode"},"sceneLighting":false,"audioPlay":false,"sceneViewState":{"showFog":true,"showMaterialUpdate":false,"showSkybox":false,"showFlares":true,"showImageEffects":true,"showParticleSystems":true},"in2DMode":false,"pivot":{"x":0.31969785690307619,"y":0.8553680181503296,"z":-0.026725709438323976},"rotation":{"x":-0.004308863542973995,"y":-0.9807510375976563,"z":0.1940239816904068,"w":-0.021784421056509019},"size":6.537231922149658,"orthographic":false}